[{"_allAttributes":null,"_properties":null,"_methods":null,"file":"e:/Salesforce Projects/LWCProject9/force-app/main/default/lwc/accchild1/accchild1.js","metadata":{"decorators":[],"classMembers":[{"name":"searchTextChild1","type":"property","loc":{"start":{"line":5,"column":4},"end":{"line":5,"column":21}}},{"name":"handleChange","type":"method","loc":{"start":{"line":7,"column":4},"end":{"line":10,"column":5}}},{"name":"handleClick","type":"method","loc":{"start":{"line":12,"column":4},"end":{"line":16,"column":5}}}],"declarationLoc":{"start":{"line":3,"column":0},"end":{"line":17,"column":1}},"doc":"","exports":[{"type":"ExportDefaultDeclaration"}]},"updatedAt":"2024-04-03T09:33:10.224Z"},{"_allAttributes":null,"_properties":null,"_methods":null,"file":"e:/Salesforce Projects/LWCProject9/force-app/main/default/lwc/accchild2/accchild2.js","metadata":{"decorators":[{"type":"api","targets":[{"name":"searchTextChild2","type":"property","value":{"type":"unresolved"}}]},{"type":"wire","targets":[{"name":"messageContext","type":"property","static":{},"params":{},"adapter":{"name":"MessageContext","reference":"lightning/messageService"}},{"name":"accountRecords","type":"property","static":{},"params":{"searchTextClass":"searchTextChild2"},"adapter":{"name":"getAccounts","reference":"@salesforce/apex/AccountClass.getAccounts"}}]}],"classMembers":[{"name":"searchTextChild2","type":"property","value":{"type":"unresolved"},"decorator":"api","loc":{"start":{"line":7,"column":4},"end":{"line":7,"column":26}}},{"name":"messageContext","type":"property","decorator":"wire","loc":{"start":{"line":9,"column":4},"end":{"line":9,"column":42}}},{"name":"columns","type":"property","loc":{"start":{"line":11,"column":4},"end":{"line":20,"column":5}}},{"name":"rows","type":"property","loc":{"start":{"line":26,"column":4},"end":{"line":31,"column":5}}},{"name":"currentId","type":"property","loc":{"start":{"line":33,"column":4},"end":{"line":33,"column":14}}},{"name":"currentName","type":"property","loc":{"start":{"line":34,"column":4},"end":{"line":34,"column":16}}},{"name":"handleRowAction","type":"method","loc":{"start":{"line":36,"column":4},"end":{"line":52,"column":5}}},{"name":"accountRecords","type":"property","decorator":"wire","loc":{"start":{"line":53,"column":4},"end":{"line":53,"column":78}}}],"declarationLoc":{"start":{"line":6,"column":0},"end":{"line":55,"column":1}},"doc":"","exports":[{"type":"ExportDefaultDeclaration"}]},"updatedAt":"2024-04-05T12:54:15.052Z"},{"_allAttributes":null,"_properties":null,"_methods":null,"file":"e:/Salesforce Projects/LWCProject9/force-app/main/default/lwc/accountParent/accountParent.js","metadata":{"decorators":[],"classMembers":[{"name":"searchTextParent","type":"property","loc":{"start":{"line":4,"column":4},"end":{"line":4,"column":20}}},{"name":"handleEvent","type":"method","loc":{"start":{"line":5,"column":4},"end":{"line":7,"column":5}}}],"declarationLoc":{"start":{"line":3,"column":0},"end":{"line":9,"column":1}},"doc":"","exports":[{"type":"ExportDefaultDeclaration"}]},"updatedAt":"2024-04-03T09:39:09.226Z"},{"_allAttributes":null,"_properties":null,"_methods":null,"file":"e:/Salesforce Projects/LWCProject9/force-app/main/default/lwc/showAccountContact/showAccountContact.js","metadata":{"decorators":[{"type":"api","targets":[{"name":"recordId","type":"property","value":{"type":"unresolved"}}]},{"type":"wire","targets":[{"name":"messageContext","type":"property","static":{},"params":{},"adapter":{"name":"MessageContext","reference":"lightning/messageService"}}]}],"classMembers":[{"name":"subscription","type":"property","value":{"type":"null","value":null},"loc":{"start":{"line":13,"column":4},"end":{"line":13,"column":22}}},{"name":"title","type":"property","value":{"type":"string","value":"Contacts"},"loc":{"start":{"line":14,"column":4},"end":{"line":14,"column":21}}},{"name":"contacts","type":"property","loc":{"start":{"line":15,"column":4},"end":{"line":15,"column":13}}},{"name":"hasContacts","type":"property","loc":{"start":{"line":16,"column":4},"end":{"line":16,"column":16}}},{"name":"isAccountSelected","type":"property","value":{"type":"boolean","value":false},"loc":{"start":{"line":17,"column":4},"end":{"line":17,"column":28}}},{"name":"isAddContactClicked","type":"property","value":{"type":"boolean","value":false},"loc":{"start":{"line":18,"column":4},"end":{"line":18,"column":30}}},{"name":"isEditClicked","type":"property","value":{"type":"boolean","value":false},"loc":{"start":{"line":19,"column":4},"end":{"line":19,"column":24}}},{"name":"recordId","type":"property","value":{"type":"unresolved"},"decorator":"api","loc":{"start":{"line":20,"column":4},"end":{"line":20,"column":18}}},{"name":"editableContactId","type":"property","loc":{"start":{"line":21,"column":4},"end":{"line":21,"column":22}}},{"name":"messageContext","type":"property","decorator":"wire","loc":{"start":{"line":23,"column":4},"end":{"line":23,"column":42}}},{"name":"accountId","type":"property","loc":{"start":{"line":24,"column":4},"end":{"line":24,"column":14}}},{"name":"accountName","type":"property","loc":{"start":{"line":25,"column":4},"end":{"line":25,"column":16}}},{"name":"connectedCallback","type":"method","loc":{"start":{"line":27,"column":4},"end":{"line":30,"column":5}}},{"name":"disconnectedCallback","type":"method","loc":{"start":{"line":32,"column":4},"end":{"line":35,"column":5}}},{"name":"handleSubscribe","type":"method","loc":{"start":{"line":36,"column":4},"end":{"line":50,"column":5}}},{"name":"getContacts","type":"method","loc":{"start":{"line":52,"column":4},"end":{"line":58,"column":5}}},{"name":"handleUnSubscribe","type":"method","loc":{"start":{"line":60,"column":4},"end":{"line":65,"column":5}}},{"name":"handleAddContact","type":"method","loc":{"start":{"line":67,"column":4},"end":{"line":70,"column":5}}},{"name":"handleAddContactCancel","type":"method","loc":{"start":{"line":71,"column":4},"end":{"line":74,"column":5}}},{"name":"handleEdit","type":"method","loc":{"start":{"line":76,"column":4},"end":{"line":80,"column":5}}},{"name":"handleEditCancel","type":"method","loc":{"start":{"line":81,"column":4},"end":{"line":84,"column":5}}},{"name":"handleSuccess","type":"method","loc":{"start":{"line":85,"column":4},"end":{"line":90,"column":5}}},{"name":"handleDelete","type":"method","loc":{"start":{"line":91,"column":4},"end":{"line":107,"column":5}}},{"name":"showToast","type":"method","loc":{"start":{"line":111,"column":0},"end":{"line":118,"column":5}}}],"declarationLoc":{"start":{"line":10,"column":0},"end":{"line":119,"column":1}},"doc":"","exports":[{"type":"ExportDefaultDeclaration"}]},"updatedAt":"2024-04-09T03:07:00.532Z"}]