<?xml version="1.0" encoding="UTF-8"?>
<LightningMessageChannel xmlns="http://soap.sforce.com/2006/04/metadata">
    
    <isExposed>true</isExposed>
    <masterLabel>MC1</masterLabel>
    <description>This is lightning message channel </description>

    <lightningMessageFields>
        <fieldName>accountId</fieldName>
        <description>This is Account ID</description>
    </lightningMessageFields>

    <lightningMessageFields>
        <fieldName>accountName</fieldName>
        <description>This is Account Name</description>
    </lightningMessageFields>
    
</LightningMessageChannel>